datetime,open,high,low,close,volume
2026-06-08 01:00:00,4320.67,4330.5,4309.88,4317.07,16592
2026-06-08 02:00:00,4317.1,4346.89,4317.1,4343.97,13145
2026-06-08 03:00:00,4344.01,4353.27,4339.86,4342.15,15583
2026-06-08 04:00:00,4342.15,4345.84,4300.05,4325.51,26297
2026-06-08 05:00:00,4325.6,4330.62,4307.22,4310.5,20617
2026-06-08 06:00:00,4310.49,4317.18,4303.54,4316.91,13761
2026-06-08 07:00:00,4317.04,4321.75,4307.56,4312.62,12427
2026-06-08 08:00:00,4312.78,4316.08,4268.39,4291.89,19431
2026-06-08 09:00:00,4291.99,4311.33,4291.99,4299.94,18910
2026-06-08 10:00:00,4299.75,4316.93,4294.31,4294.43,14579
2026-06-08 11:00:00,4294.48,4297.17,4285.36,4288.73,14217
2026-06-08 12:00:00,4288.63,4301.88,4272.92,4294.37,12990
2026-06-08 13:00:00,4294.93,4305.41,4286.08,4302.0,12741
2026-06-08 14:00:00,4301.83,4333.22,4297.21,4331.29,15485
2026-06-08 15:00:00,4331.26,4339.28,4320.29,4333.12,15428
2026-06-08 16:00:00,4332.85,4346.75,4321.29,4327.0,22136
2026-06-08 17:00:00,4326.97,4331.47,4314.84,4330.94,22162
2026-06-08 18:00:00,4331.16,4345.59,4322.45,4341.7,18253
2026-06-08 19:00:00,4341.57,4346.26,4337.84,4340.67,14386
2026-06-08 20:00:00,4340.64,4342.39,4331.97,4339.14,15191
2026-06-08 21:00:00,4339.16,4345.86,4332.99,4334.54,12867
2026-06-08 22:00:00,4334.57,4338.13,4323.28,4326.6,13787
2026-06-08 23:00:00,4326.59,4329.83,4324.34,4328.94,4226
2026-06-09 01:00:00,4326.37,4328.75,4322.63,4327.69,6280
2026-06-09 02:00:00,4327.78,4328.74,4312.82,4317.73,7294
2026-06-09 03:00:00,4317.67,4323.75,4315.04,4319.85,11195
2026-06-09 04:00:00,4319.79,4338.75,4318.63,4336.36,15045
2026-06-09 05:00:00,4336.36,4340.97,4328.19,4336.07,11740
2026-06-09 06:00:00,4335.87,4342.19,4331.02,4336.49,9394
2026-06-09 07:00:00,4336.09,4339.31,4324.25,4332.29,6604
2026-06-09 08:00:00,4332.35,4351.44,4330.88,4343.42,11186
2026-06-09 09:00:00,4343.42,4348.7,4330.29,4330.63,12313
2026-06-09 10:00:00,4330.44,4334.75,4322.19,4326.53,10679
2026-06-09 11:00:00,4326.62,4336.81,4321.09,4326.6,10535
2026-06-09 12:00:00,4326.63,4336.13,4324.05,4332.18,8368
2026-06-09 13:00:00,4331.92,4340.71,4325.35,4339.08,8833
2026-06-09 14:00:00,4339.17,4343.72,4335.69,4339.83,7642
2026-06-09 15:00:00,4339.84,4344.09,4334.79,4341.41,9909
2026-06-09 16:00:00,4341.57,4363.38,4325.1,4328.88,17833
2026-06-09 17:00:00,4328.64,4336.07,4278.45,4300.48,27849
2026-06-09 18:00:00,4300.69,4302.03,4263.08,4272.28,26154
2026-06-09 19:00:00,4272.35,4281.03,4236.61,4251.93,30248
2026-06-09 20:00:00,4251.93,4268.06,4251.21,4263.11,22155
2026-06-09 21:00:00,4263.17,4274.22,4259.56,4269.96,15516
2026-06-09 22:00:00,4270.01,4271.64,4249.91,4258.79,18306
2026-06-09 23:00:00,4258.79,4261.96,4255.63,4260.08,5760
2026-06-10 01:00:00,4254.6,4257.18,4232.09,4237.17,9822
2026-06-10 02:00:00,4237.14,4247.11,4210.48,4222.03,13919
2026-06-10 03:00:00,4222.15,4228.32,4198.78,4218.15,18072
2026-06-10 04:00:00,4218.44,4218.84,4183.66,4188.6,20642
2026-06-10 05:00:00,4188.59,4192.48,4173.41,4173.97,16205
2026-06-10 06:00:00,4173.94,4186.49,4173.11,4184.77,11017
2026-06-10 07:00:00,4185.23,4187.27,4172.47,4174.83,8445
2026-06-10 08:00:00,4175.08,4208.96,4173.48,4205.13,14108
2026-06-10 09:00:00,4205.14,4221.87,4201.75,4203.95,13982
2026-06-10 10:00:00,4203.95,4208.01,4181.52,4186.14,12153
2026-06-10 11:00:00,4186.08,4187.4,4161.31,4168.99,15345
2026-06-10 12:00:00,4168.96,4179.59,4163.08,4168.7,12860
2026-06-10 13:00:00,4168.82,4178.56,4155.63,4174.54,11736
2026-06-10 14:00:00,4174.79,4176.03,4145.68,4147.64,19306
2026-06-10 15:00:00,4147.64,4173.92,4130.68,4146.99,23553
2026-06-10 16:00:00,4147.06,4186.23,4132.92,4179.49,26549
2026-06-10 17:00:00,4179.53,4180.96,4117.89,4124.92,26384
2026-06-10 18:00:00,4125.2,4136.9,4106.81,4128.72,28240
2026-06-10 19:00:00,4128.77,4135.05,4115.95,4121.97,20153
2026-06-10 20:00:00,4121.97,4134.86,4100.87,4111.65,18933
2026-06-10 21:00:00,4111.73,4120.47,4097.05,4101.52,15552
2026-06-10 22:00:00,4101.52,4102.06,4081.63,4082.72,17447
2026-06-10 23:00:00,4082.74,4083.08,4066.96,4068.84,8308
2026-06-11 01:00:00,4063.18,4068.88,4035.87,4046.1,15937
2026-06-11 02:00:00,4046.1,4064.63,4023.41,4047.18,19888
2026-06-11 03:00:00,4047.76,4078.07,4036.06,4075.67,25433
2026-06-11 04:00:00,4075.66,4118.09,4066.3,4101.95,25383
2026-06-11 05:00:00,4102.16,4102.67,4052.47,4067.9,21591
2026-06-11 06:00:00,4067.92,4078.44,4056.87,4072.76,16864
2026-06-11 07:00:00,4072.79,4085.81,4070.17,4082.6,12158
2026-06-11 08:00:00,4082.66,4106.23,4072.56,4094.15,17230
2026-06-11 09:00:00,4093.98,4097.48,4076.26,4094.67,15975
2026-06-11 10:00:00,4094.42,4110.6,4091.76,4104.93,12728
2026-06-11 11:00:00,4104.67,4112.65,4084.46,4084.49,13746
2026-06-11 12:00:00,4084.45,4096.42,4077.46,4091.57,11402
2026-06-11 13:00:00,4091.51,4094.5,4086.56,4089.86,10671
2026-06-11 14:00:00,4089.85,4096.02,4079.8,4080.38,13998
2026-06-11 15:00:00,4080.67,4087.17,4057.53,4081.85,21076
2026-06-11 16:00:00,4081.8,4092.46,4067.14,4083.19,25932
2026-06-11 17:00:00,4083.36,4085.36,4052.85,4073.46,27884
2026-06-11 18:00:00,4073.37,4095.4,4070.31,4088.79,22682
2026-06-11 19:00:00,4089.03,4107.52,4078.06,4080.22,17884
2026-06-11 20:00:00,4080.22,4169.79,4071.98,4151.82,27371
2026-06-11 21:00:00,4151.82,4171.5,4131.26,4161.84,25253
2026-06-11 22:00:00,4161.91,4219.96,4161.91,4208.89,23437
2026-06-11 23:00:00,4209.39,4218.42,4208.08,4212.09,8543
2026-06-12 01:00:00,4208.63,4246.2,4205.52,4243.12,12951
2026-06-12 02:00:00,4243.11,4245.68,4214.15,4219.95,15459
2026-06-12 03:00:00,4219.66,4230.49,4200.95,4208.37,19211
2026-06-12 04:00:00,4208.33,4210.91,4171.44,4186.72,21239
2026-06-12 05:00:00,4186.31,4200.11,4182.65,4191.51,14639
2026-06-12 06:00:00,4191.55,4204.85,4189.42,4197.09,13301
2026-06-12 07:00:00,4197.03,4201.01,4189.51,4190.02,8348
2026-06-12 08:00:00,4189.89,4192.87,4170.75,4173.27,15734
2026-06-12 09:00:00,4173.29,4185.53,4172.27,4184.15,14117
2026-06-12 10:00:00,4184.15,4194.33,4170.15,4194.26,12939
2026-06-12 11:00:00,4194.52,4225.91,4192.05,4219.56,17762
2026-06-12 12:00:00,4219.59,4227.89,4217.4,4221.84,12563
2026-06-12 13:00:00,4221.64,4225.61,4202.78,4210.82,12549
2026-06-12 14:00:00,4210.83,4215.31,4197.51,4206.84,12280
2026-06-12 15:00:00,4206.84,4215.33,4188.56,4191.74,15148
2026-06-12 16:00:00,4191.72,4210.18,4182.75,4186.21,22061
2026-06-12 17:00:00,4186.23,4208.46,4177.1,4203.98,25267
2026-06-12 18:00:00,4203.97,4235.59,4200.2,4211.84,22492
2026-06-12 19:00:00,4211.87,4232.8,4208.05,4216.08,17860
2026-06-12 20:00:00,4215.97,4226.17,4213.94,4221.44,14276
2026-06-12 21:00:00,4221.44,4235.37,4214.15,4215.54,11687
2026-06-12 22:00:00,4215.09,4219.43,4201.76,4210.69,11666
2026-06-12 23:00:00,4210.62,4217.63,4209.36,4217.02,4775
2026-06-15 01:00:00,4299.43,4308.92,4280.27,4285.49,13239
2026-06-15 02:00:00,4285.51,4295.03,4281.0,4293.99,9526
2026-06-15 03:00:00,4293.86,4308.11,4291.67,4292.54,11709
2026-06-15 04:00:00,4292.62,4319.47,4285.41,4316.79,18499
2026-06-15 05:00:00,4316.6,4335.35,4316.07,4329.51,12681
2026-06-15 06:00:00,4329.42,4331.05,4321.18,4324.97,9415
2026-06-15 07:00:00,4324.94,4330.05,4320.87,4328.16,5541
2026-06-15 08:00:00,4327.93,4332.89,4307.43,4310.04,11222
2026-06-15 09:00:00,4310.08,4313.36,4300.8,4308.11,13226
2026-06-15 10:00:00,4308.47,4325.25,4305.29,4323.19,10473
2026-06-15 11:00:00,4322.99,4345.38,4321.77,4334.22,10367
2026-06-15 12:00:00,4334.26,4343.13,4334.26,4336.63,9596
2026-06-15 13:00:00,4336.63,4341.48,4335.3,4338.14,7480
2026-06-15 14:00:00,4338.14,4347.46,4331.77,4335.27,10198
2026-06-15 15:00:00,4335.27,4349.35,4324.63,4349.07,11493
2026-06-15 16:00:00,4349.07,4368.6,4341.22,4355.14,17304
2026-06-15 17:00:00,4354.59,4369.46,4353.88,4356.71,17864
2026-06-15 18:00:00,4356.74,4360.72,4349.63,4356.22,14218
2026-06-15 19:00:00,4356.18,4358.72,4334.53,4339.2,11298
2026-06-15 20:00:00,4339.19,4339.19,4320.44,4324.77,11720
2026-06-15 21:00:00,4324.83,4328.02,4318.16,4325.66,10408
2026-06-15 22:00:00,4325.71,4326.74,4316.56,4320.87,11609
2026-06-15 23:00:00,4320.7,4322.06,4306.3,4307.61,4560
2026-06-16 01:00:00,4313.19,4315.12,4305.68,4311.78,5608
2026-06-16 02:00:00,4311.78,4319.16,4311.32,4315.61,6331
2026-06-16 03:00:00,4315.48,4320.66,4306.82,4319.06,9741
2026-06-16 04:00:00,4319.03,4325.78,4312.02,4313.48,14637
2026-06-16 05:00:00,4313.52,4320.83,4307.57,4318.57,8732
2026-06-16 06:00:00,4318.39,4333.12,4315.37,4330.39,7795
2026-06-16 07:00:00,4330.22,4332.08,4321.2,4322.56,5080
2026-06-16 08:00:00,4322.56,4330.86,4314.19,4315.81,7817
2026-06-16 09:00:00,4315.74,4324.33,4313.52,4323.88,8775
2026-06-16 10:00:00,4324.0,4335.51,4322.54,4335.06,7787
2026-06-16 11:00:00,4335.11,4347.95,4332.75,4346.96,8167
2026-06-16 12:00:00,4347.06,4348.3,4338.34,4345.26,7789
2026-06-16 13:00:00,4345.36,4348.93,4342.26,4348.92,5970
2026-06-16 14:00:00,4348.88,4349.34,4335.16,4340.93,8987
2026-06-16 15:00:00,4340.98,4354.91,4337.41,4354.6,11065
2026-06-16 16:00:00,4354.37,4354.83,4331.61,4331.73,16853
2026-06-16 17:00:00,4331.81,4338.66,4313.35,4324.06,18253
2026-06-16 18:00:00,4324.27,4343.34,4320.91,4335.24,14272
2026-06-16 19:00:00,4335.15,4346.97,4334.85,4340.6,11589
2026-06-16 20:00:00,4340.43,4341.16,4325.22,4340.28,9759
2026-06-16 21:00:00,4340.32,4342.76,4336.19,4338.5,7598
2026-06-16 22:00:00,4338.53,4342.87,4330.55,4334.15,8831
2026-06-16 23:00:00,4334.11,4334.56,4330.15,4330.95,3671
2026-06-17 01:00:00,4330.83,4336.71,4328.63,4335.29,2111
2026-06-17 02:00:00,4335.23,4338.28,4329.39,4330.9,2680
2026-06-17 03:00:00,4331.08,4341.55,4328.59,4337.06,6608
2026-06-17 04:00:00,4336.88,4349.64,4334.4,4340.87,11997
2026-06-17 05:00:00,4340.84,4344.5,4329.63,4331.62,8281
2026-06-17 06:00:00,4331.53,4334.15,4328.52,4332.2,6185
2026-06-17 07:00:00,4332.07,4334.11,4317.67,4326.72,5211
2026-06-17 08:00:00,4326.84,4334.23,4321.06,4326.61,8023
2026-06-17 09:00:00,4327.58,4331.8,4320.37,4331.65,9587
2026-06-17 10:00:00,4331.55,4332.9,4324.65,4325.25,8055
2026-06-17 11:00:00,4325.21,4327.82,4317.22,4324.68,8889
2026-06-17 12:00:00,4324.68,4335.66,4321.16,4329.53,7789
2026-06-17 13:00:00,4329.54,4335.07,4326.65,4331.28,7101
2026-06-17 14:00:00,4331.31,4331.83,4320.99,4323.12,9194
2026-06-17 15:00:00,4323.23,4335.28,4319.9,4333.63,8716
2026-06-17 16:00:00,4333.62,4345.27,4324.0,4339.8,14119
2026-06-17 17:00:00,4339.66,4363.99,4331.07,4344.49,18529
2026-06-17 18:00:00,4344.75,4364.74,4343.81,4363.55,12286
2026-06-17 19:00:00,4363.55,4366.42,4355.15,4359.46,7105
2026-06-17 20:00:00,4359.48,4382.32,4355.24,4379.39,10969
2026-06-17 21:00:00,4379.41,4379.41,4269.96,4286.23,31944
2026-06-17 22:00:00,4286.2,4295.39,4218.96,4235.74,30447
2026-06-17 23:00:00,4235.81,4269.64,4235.06,4257.91,12928
2026-06-18 01:00:00,4258.3,4271.43,4258.23,4266.58,6230
2026-06-18 02:00:00,4266.62,4283.84,4264.01,4277.99,10813
2026-06-18 03:00:00,4278.01,4315.29,4276.47,4308.36,15788
2026-06-18 04:00:00,4308.37,4328.35,4306.76,4317.76,15847
2026-06-18 05:00:00,4318.02,4329.9,4310.35,4310.82,12167
2026-06-18 06:00:00,4310.82,4322.57,4309.05,4319.67,8922
2026-06-18 07:00:00,4319.71,4323.94,4309.68,4316.02,7448
2026-06-18 08:00:00,4315.72,4324.63,4301.17,4307.99,12591
2026-06-18 09:00:00,4308.18,4309.93,4296.21,4306.51,13710
2026-06-18 10:00:00,4306.33,4309.48,4287.42,4288.59,10135
2026-06-18 11:00:00,4288.62,4292.85,4265.48,4266.66,11715
2026-06-18 12:00:00,4267.18,4273.31,4259.56,4268.54,11437
2026-06-18 13:00:00,4268.44,4272.77,4254.86,4255.51,10144
2026-06-18 14:00:00,4255.71,4255.78,4239.89,4242.02,13815
2026-06-18 15:00:00,4241.88,4269.22,4240.44,4246.58,16042
2026-06-18 16:00:00,4246.6,4276.58,4245.05,4256.64,19131
2026-06-18 17:00:00,4256.66,4257.86,4237.5,4252.31,21351
2026-06-18 18:00:00,4252.51,4254.78,4223.06,4226.54,19061
2026-06-18 19:00:00,4226.54,4233.29,4213.97,4219.45,15154
2026-06-18 20:00:00,4219.77,4233.09,4218.56,4230.35,12327
2026-06-18 21:00:00,4230.39,4233.13,4218.16,4218.38,12235
2026-06-18 22:00:00,4218.41,4218.97,4201.45,4216.91,14816
2026-06-18 23:00:00,4216.88,4219.55,4209.25,4209.73,5566
2026-06-19 01:00:00,4205.49,4210.44,4202.51,4207.31,5163
2026-06-19 02:00:00,4207.32,4208.2,4186.81,4188.38,8905
2026-06-19 03:00:00,4188.44,4198.09,4184.27,4190.31,11326
2026-06-19 04:00:00,4190.6,4194.53,4184.08,4184.87,9070
2026-06-19 05:00:00,4184.87,4186.21,4171.74,4176.25,8313
2026-06-19 06:00:00,4176.2,4177.23,4145.62,4153.23,11067
2026-06-19 07:00:00,4153.28,4155.12,4125.12,4125.84,13688
2026-06-19 08:00:00,4126.09,4141.55,4121.94,4139.63,13778
2026-06-19 09:00:00,4139.64,4150.52,4132.82,4147.63,12770
2026-06-19 10:00:00,4147.63,4163.1,4147.63,4157.97,10300
2026-06-19 11:00:00,4158.04,4178.42,4155.2,4169.12,11680
2026-06-19 12:00:00,4169.11,4171.06,4160.97,4162.89,9509
2026-06-19 13:00:00,4162.88,4163.16,4148.04,4149.8,9735
2026-06-19 14:00:00,4149.69,4154.95,4141.89,4152.67,9719
2026-06-19 15:00:00,4152.69,4179.9,4147.38,4178.97,12249
2026-06-19 16:00:00,4178.95,4182.94,4150.44,4151.35,13202
2026-06-19 17:00:00,4151.3,4154.57,4142.67,4149.23,11199
2026-06-19 18:00:00,4149.28,4153.99,4147.55,4150.98,8262
2026-06-19 19:00:00,4151.03,4157.85,4144.33,4155.46,5303
2026-06-19 20:00:00,4155.84,4155.84,4155.84,4155.84,1
